name_channel;username;n_users
Cummings and Sons;rteaseyp0;66577
King Inc;mthiemep1;67968
Jast Group;ekibelp2;55944
Grady; Kuphal and Quigley;54436
Brakus; Cole and Breitenberg;47337
Gutkowski and Sons;azutep5;52989
Kuvalis; Prohaska and Hoeger;42423
Emmerich-Weimann;descottp7;54188
Ondricka; McKenzie and Osinski;37053
Runolfsdottir Group;emccollp9;60194
Rath-Fritsch;bwildborepa;72137
Schamberger Inc;fbeveredgepb;64665
Berge Inc;cruppelepc;70670
Langosh; Nikolaus and Veum;73609
Robel Group;dealampe;79837
Daugherty Inc;bodonohoepf;66354
Dare; Dietrich and Hamill;61949
Stark; Will and McCullough;77013
Kertzmann; Gleason and Beahan;61306
Heidenreich; Nader and Bradtke;40933
Balistreri-Murray;tbentingpk;65523
Rosenbaum and Sons;nkerrpl;57821
Bayer-Streich;mcausierpm;62991
Veum; Jacobi and Kulas;41863
Johnson Inc;adumberrillpo;73416
Kuhlman; Rippin and Cummerata;47304
Frami-Medhurst;etibblespq;32963
O'Kon and Sons;awhannelpr;61645
Rau-Parker;esullensps;32501
Krajcik-Yost;pcomerfordpt;72953
Pollich-Padberg;hleemanspu;41841
Pollich; Shields and Lemke;38276
McCullough; Sanford and Baumbach;64057
Heaney; Hickle and Dietrich;63075
Lehner-Ratke;nmuttockpy;59130
Boehm; Hessel and Crona;34479
Terry Group;qwoolesq0;66561
Runte; Strosin and Boehm;60182
Bahringer LLC;clegatq2;76700
Beahan-Strosin;sreeceq3;42376
Bailey; Kertzmann and Frami;38612
Mitchell-Schuster;croggemanq5;41125
Padberg; Keebler and Beahan;72044
Schiller; Rohan and Dickinson;42743
Walter-DuBuque;gwillbourneq8;44651
Kiehn LLC;aablettq9;32474
Koelpin-Runolfsdottir;lpyburnqa;34689
Walter; Stanton and Collier;32021
Raynor; Bergstrom and Schulist;77609
Torp; Kreiger and Gislason;60734
Romaguera LLC;cpechtqe;31648
Hilpert; Watsica and Willms;41301
Harber LLC;lpatzeltqg;77237
Ruecker; Kovacek and Hodkiewicz;38228
Nikolaus; Steuber and Kunde;54756
West-Ritchie;zdinckeqj;40689
Jacobs and Sons;eweymanqk;79150
Balistreri; Cummings and Murray;62687
Orn-Block;bcumberledgeqm;78845
Hoeger; Emmerich and Kirlin;65512
Shields-Jacobi;bskingleyqo;58298
Christiansen and Sons;tcopplestoneqp;49720
Wunsch-Johns;wbluntqq;32239
Schoen Group;gbreckwellqr;64905
Zboncak; Hills and Denesik;40929
Adams-Nikolaus;rbradfieldqt;58471
Ryan; Zieme and Kling;48651
Cassin-Mills;gdziwiszqv;68496
O'Reilly and Sons;frandalsonqw;37809
Zieme-Connelly;djohnkeqx;70413
Walsh and Sons;mtawnqy;62813
Waelchi-Volkman;raldredqz;34693
Ullrich; O'Conner and Kris;32413
Ziemann; Bauch and Smitham;37542
Beer; Pfannerstill and Rosenbaum;51144
Jacobs; Greenholt and Schoen;55058
Howe; Hodkiewicz and Morissette;59005
Powlowski Group;tlowingsr5;49538
Conn-Dare;lyerillr6;64943
Cronin-Hermann;tcowdreyr7;54506
Barrows; Bosco and Rohan;79019
Brown and Sons;toaker9;69994
Dickinson LLC;phalwellra;73962
McCullough; Osinski and Pouros;65862
Kling; Schinner and Kihn;63375
Wolf-DuBuque;jcahnrd;41525
Heathcote LLC;sdirandre;66249
Greenfelder-Beier;nlucrf;48435
Grant; Schaden and Hackett;65350
Franecki; Kuhn and Boehm;79988
Farrell Inc;dfairbourneri;47366
Rodriguez-Yost;jbertheletrj;63357
Grant; Hettinger and Connelly;65095
Hahn Group;hlaybournrl;35211
Pouros and Sons;ptearerm;42210
Terry Group;asmallrn;44503
Schneider Group;mrobinetro;68404
Kuhlman-Walker;hegglerp;65923
Cruickshank; Herzog and Bode;46453
Auer and Sons;hreadyrr;33763
