id,username
1,rteaseyp0
2,mthiemep1
3,ekibelp2
4,cganderp3
5,bburlingamep4
6,azutep5
7,kvollerp6
8,descottp7
9,khalladp8
10,emccollp9
11,bwildborepa
12,fbeveredgepb
13,cruppelepc
14,kgudgenpd
15,dealampe
16,bodonohoepf
17,nmichinpg
18,iyarnph
19,pninnolipi
20,imiddleditchpj
21,tbentingpk
22,nkerrpl
23,mcausierpm
24,kmunsonpn
25,adumberrillpo
26,ccatenotpp
27,etibblespq
28,awhannelpr
29,esullensps
30,pcomerfordpt
31,hleemanspu
32,fbestwickpv
33,dpesslerpw
34,glequeuxpx
35,nmuttockpy
36,lwoodcroftpz
37,qwoolesq0
38,bkoresq1
39,clegatq2
40,sreeceq3
41,lmichalq4
42,croggemanq5
43,mveschiq6
44,mheggieq7
45,gwillbourneq8
46,aablettq9
47,lpyburnqa
48,ekachqb
49,dmurfinqc
50,rswatlandqd
51,cpechtqe
52,lsapsfordeqf
53,lpatzeltqg
54,magutterqh
55,ibaylieqi
56,zdinckeqj
57,eweymanqk
58,mfelthamql
59,bcumberledgeqm
60,ncorpesqn
61,bskingleyqo
62,tcopplestoneqp
63,wbluntqq
64,gbreckwellqr
65,swelldrakeqs
66,rbradfieldqt
67,dhughlockqu
68,gdziwiszqv
69,frandalsonqw
70,djohnkeqx
71,mtawnqy
72,raldredqz
73,vselbier0
74,rdurdler1
75,foscallanr2
76,lhaviller3
77,bhadleer4
78,tlowingsr5
79,lyerillr6
80,tcowdreyr7
81,ddilrewr8
82,toaker9
83,phalwellra
84,cpedlerrb
85,fvisickrc
86,jcahnrd
87,sdirandre
88,nlucrf
89,jeveristrg
90,cmccathierh
91,dfairbourneri
92,jbertheletrj
93,mprettyrk
94,hlaybournrl
95,ptearerm
96,asmallrn
97,mrobinetro
98,hegglerp
99,sdavenallrq
100,hreadyrr
