username,name,age,n_post,followers
idarnborough0,Isabella,28,143,9152
awinterscale1,Augustina,46,160,8477
achansonnau2,Alanah,23,186,3245
tdockery3,Theo,43,233,8199
dbaverstock4,Denni,19,222,4284
abadrick5,Amerigo,24,167,3005
adurrington6,Audrey,37,287,986
mayshford7,Margi,46,6,7468
mdorran8,Marwin,31,218,8907
ghuglin9,Gaile,44,88,5612
wbodycomba,Wallie,26,141,9651
eandrysb,Esme,27,236,5610
hschoolfieldc,Hernando,34,271,186
caldingtond,Cody,41,9,535
fleparde,Francklin,30,56,5008
rhertwellf,Robby,38,286,1846
rdorsayg,Rebbecca,30,201,867
lbearnh,Lucas,39,73,8930
pchuei,Pattie,38,47,337
lspridgeonj,Leighton,20,22,3297
fscholtisk,Fredia,24,196,614
kroddelll,Kingsley,49,29,9408
cberreclothm,Curtis,38,7,4324
fdanieliann,Farris,45,278,7338
tmcadamo,Tiffani,40,271,948
lstlegerp,Lucille,40,192,8342
ebeardwellq,Elwin,42,68,7639
rsimkissr,Rog,40,63,8516
vdorricotts,Vinita,42,31,3413
hpattlet,Horatio,34,239,8167
mrestieauxu,Myrtle,44,170,9048
dolivariv,Dael,27,289,3345
ktopazw,Katheryn,34,297,8610
igilliganx,Isaac,45,116,2392
bbridgnelly,Bunnie,18,145,2436
atothacotz,Ardith,33,229,8386
nnalder10,Nellie,41,265,5853
jmacguffog11,Joyous,40,157,9778
sdye12,Sal,19,200,9220
tpeebles13,Tess,20,85,2248
ebatch14,Efrem,32,25,7099
wdarko15,Walsh,24,4,2312
smurney16,Shawn,32,177,8873
rdubose17,Ryun,18,246,2314
kdummer18,Katherine,24,90,1622
cseabridge19,Creighton,38,142,4998
khilhouse1a,Kylynn,47,4,9202
gpendleton1b,Giff,37,45,5992
ioldale1c,Idalina,32,85,4085
bshayler1d,Beauregard,45,93,6419
wedwardson1e,Waylon,50,30,8831
kmacdiarmid1f,Kizzie,37,225,8390
khapgood1g,Karee,21,132,6182
bwoolfall1h,Brennan,49,274,5849
hguyton1i,Heather,32,143,4356
ccranna1j,Chloris,32,7,9870
yloadman1k,Yolanda,47,52,1961
eorteau1l,Eleanora,42,245,1497
lgillbe1m,Luca,36,74,443
gdjokic1n,Gregorius,28,267,9440
mfenna1o,Merry,22,63,1224
ndarrow1p,Nichol,41,197,8399
cverrillo1q,Coleen,41,43,4862
yquillinane1r,Yorke,20,207,113
ggherardelli1s,Gradey,33,15,789
lattryde1t,Letizia,31,33,8293
gmcewen1u,Gussy,44,245,3875
dtuft1v,Daven,27,146,2078
hharlowe1w,Horatius,28,287,2923
rstachini1x,Reinaldo,41,174,9872
stammadge1y,Sadella,42,31,8465
fginni1z,Fionna,36,223,7937
dmingauld20,Dyan,43,275,4105
gfeldstern21,Guss,28,289,6723
tmcdonell22,Trumaine,35,293,6493
eheinschke23,Elly,31,136,7771
rcousins24,Rhiamon,36,124,2598
afidian25,Audra,40,189,3085
chulks26,Colan,29,40,6342
agarmey27,Angele,49,287,3567
mgregolotti28,Melinda,32,125,3452
dcluely29,Davy,38,85,3390
rcarlisi2a,Rik,32,226,151
hlerven2b,Hewie,49,243,6341
litzkowicz2c,Lev,42,189,362
slanahan2d,Sasha,22,122,3812
mfantonetti2e,Malinda,20,284,1727
acatto2f,Amy,30,59,4277
mgawkroge2g,Marlin,37,238,3356
pfontelles2h,Paulette,41,194,2120
jsanthouse2i,Joletta,50,74,2100
mburford2j,Murray,47,169,6381
sdrowsfield2k,Stepha,38,134,4891
aheersema2l,Alma,49,251,2595
smacmickan2m,Sharla,21,246,2222
gmcloughlin2n,Gibb,30,131,3973
blockyear2o,Beret,19,216,8940
fsaffran2p,Francene,36,264,366
thouchen2q,Tybalt,23,272,4742
rserrurier2r,Reidar,34,183,9317
wmorritt2s,Waring,48,113,983
tdanet2t,Tobin,29,153,5592
gbottleson2u,Giffy,23,113,5134
mmorsom2v,Min,33,208,8938
dlant2w,Delphine,25,164,1170
cnucci2x,Connor,36,192,9164
tdebeauchemp2y,Travis,41,124,7856
hgritsaev2z,Hayyim,44,227,3099
iwiley30,Ivy,32,262,3045
bpapis31,Belia,40,36,7679
cjansky32,Conway,19,188,898
rsealove33,Ric,18,159,2685
kmaroney34,Kenton,40,85,6436
cguiton35,Chucho,36,141,9378
mharler36,Madalyn,49,80,3407
mcaroll37,Meg,48,187,8468
rarnaldo38,Reggie,45,212,4154
druane39,Dare,23,131,7974
lclementet3a,Luciana,18,139,6149
dphilippon3b,Dionis,31,90,3117
rhauck3c,Rand,31,132,2519
cwaddington3d,Cyndie,49,218,6300
dbutterly3e,Drake,36,89,2479
brosenkranc3f,Barrie,41,73,839
sseaborn3g,Sibby,37,89,5880
dungerecht3h,Daphne,18,174,3993
arake3i,Antonella,24,282,9983
dmapledorum3j,Doloritas,18,150,5128
bfuzzard3k,Bobbie,18,294,735
gleftridge3l,Gabi,34,93,162
adoerling3m,Andy,44,87,5470
mpringle3n,Meredith,30,55,6054
lmathivon3o,Lionel,45,283,8183
llenin3p,Leshia,32,246,9885
ngrinaway3q,Neely,20,113,2364
rallcoat3r,Raffarty,48,182,4302
ojessopp3s,Olivie,47,72,7882
hponde3t,Hill,24,186,5976
lfitkin3u,Lilias,19,216,2952
cspeachley3v,Cathi,27,254,8075
hweld3w,Hunfredo,32,137,3519
rhazelden3x,Reagen,22,147,5712
ocorrett3y,Ofilia,47,180,2515
agrafton3z,Anna-diane,23,65,1526
skearton40,Scarlet,38,280,1344
xwingate41,Xylina,36,159,2843
fvernon42,Frannie,41,294,1839
ktreadger43,Kate,27,84,5616
hruegg44,Heywood,31,25,2784
swasteney45,Sean,41,258,9333
cmillan46,Clerkclaude,33,98,9619
ecowie47,Edik,46,266,3294
tspry48,Trudie,38,56,7527
ktroctor49,Kally,40,300,7298
halesin4a,Hazel,18,3,8687
bcaruth4b,Beale,39,162,294
tjessett4c,Timotheus,41,75,9236
jsebrook4d,Jabez,29,55,6241
mmarquot4e,Maybelle,27,137,7183
hferentz4f,Horatio,47,215,2255
jsheran4g,Jocelyn,28,280,8730
ifullard4h,Ingrim,31,111,994
kjacobsz4i,Kara-lynn,49,251,6561
pwhitter4j,Pavla,43,191,3614
rsalzburg4k,Ramsay,34,78,8234
tbalharry4l,Tim,45,300,3343
oennever4m,Othelia,41,133,7598
ppude4n,Pascal,36,188,8745
akitchingman4o,Ardeen,25,177,8679
fgenty4p,Fan,25,260,9359
lminer4q,Lexi,42,175,9126
hdomniney4r,Harper,49,48,5317
alucock4s,Alix,27,33,7733
vbiddiss4t,Vania,36,138,6004
jlant4u,Jaime,19,68,7754
hnoke4v,Hammad,25,51,9710
pplank4w,Pattie,28,238,3452
mringer4x,Margaret,28,154,5899
noneal4y,Neale,37,134,5755
hgoodlett4z,Had,40,274,2486
dbraganca50,Dosi,45,179,8046
ebullas51,Evaleen,49,278,2311
dhannen52,Dionis,33,22,9546
llovejoy53,Lora,27,39,1089
agrumbridge54,Anitra,24,150,180
psantacrole55,Patrick,33,268,1817
ehateley56,Egor,29,288,1359
nmasson57,Nevins,36,153,2473
monthank58,Mikaela,32,121,6310
ccattini59,Corabelle,29,183,8804
pdethloff5a,Prinz,28,167,2794
iblaksley5b,Irina,23,94,8456
shovenden5c,Sapphire,27,201,5107
tstoyell5d,Thornton,32,139,7427
cpettipher5e,Carmine,48,233,1520
wdog5f,Westleigh,43,137,2241
cmanketell5g,Christy,32,81,5453
asoitoux5h,Adiana,33,212,9868
obehnen5i,Ofella,25,298,1031
jdundridge5j,Jillene,40,50,2539
aawde5k,Aleta,32,180,9709
rpeschmann5l,Randy,29,106,1317
hcamelia5m,Hollie,35,105,2570
ssorby5n,Shay,18,170,4042
mdisley5o,Mab,49,219,5636
larnefield5p,Lizabeth,38,30,6122
kshearn5q,Khalil,45,63,5141
ltrodden5r,Lorens,39,228,2401
brice5s,Beilul,46,271,3299
cegleton5t,Cornell,27,123,8369
dshipperbottom5u,Derrick,24,257,1904
eridel5v,Eddi,49,127,1460
jmilroy5w,Josey,29,114,9189
rroch5x,Rollo,44,181,1277
blittell5y,Berkie,26,169,3623
bbeatty5z,Brigid,20,176,5705
zlestrange60,Zea,19,207,3986
phicklingbottom61,Patsy,41,154,3460
kwickey62,Kaja,31,61,5448
swombwell63,Scottie,29,251,7870
aluesley64,Ashlie,26,263,3670
hleprevost65,Haily,18,221,136
rbussens66,Rowney,23,41,1847
cjandel67,Cinda,24,202,2647
gwhipple68,Gardner,25,66,1257
lnowlan69,Lisabeth,30,150,1483
asmurthwaite6a,Ashbey,27,248,713
arubroe6b,Arlyne,21,99,945
nkadd6c,Nicky,19,143,4935
trichings6d,Tammi,48,119,6730
cdealmeida6e,Celeste,44,69,4971
ttregona6f,Tonnie,44,255,9055
astealfox6g,Allsun,46,296,5750
rwabey6h,Rebekkah,38,160,7352
dseeman6i,Darby,50,73,2386
shaycock6j,Skipton,29,37,4853
avanderwalt6k,Antonin,33,94,4256
dsilverthorn6l,Denys,25,213,6107
tdowbekin6m,Tuck,48,276,4321
rbraidley6n,Rubie,36,157,6870
askain6o,Antoni,38,227,528
elegge6p,Eddie,34,182,5146
afrostick6q,Abbot,37,71,8452
jmattea6r,Jean,31,299,3069
gsiddeley6s,Garret,45,105,3451
aleinster6t,Anderson,48,264,445
emildenhall6u,Elene,36,119,5134
fsheara6v,Fonzie,47,79,5376
jalliott6w,Jennilee,19,183,4670
pbyford6x,Poppy,45,208,5868
ddorosario6y,Delmer,26,98,3143
rsenn6z,Rabi,30,257,6709
asaunter70,Abner,36,156,145
owyley71,Ossie,28,129,7449
itreven72,Isidoro,40,238,368
mminers73,Morris,21,28,3134
reye74,Ricky,36,43,4208
ccaudelier75,Charin,22,179,3002
amcclinton76,Ashbey,37,19,9363
cpigney77,Courtney,48,270,8341
dveryard78,D'arcy,42,132,3884
rjosselson79,Ronni,18,251,5741
cmateu7a,Cass,38,96,9890
aconeybeer7b,Arv,28,232,1695
lrandell7c,Leese,43,184,5053
rgreyes7d,Ricky,23,116,1064
ubortolussi7e,Ulberto,47,245,3423
mjoint7f,Meryl,31,133,2952
rprebble7g,Renell,29,250,6586
ggrunder7h,Garnette,33,216,4012
tferrettino7i,Tedda,31,294,7622
slocock7j,Sterne,30,77,6598
ppostle7k,Paco,47,178,6332
cvalett7l,Crin,19,48,3634
amcelhinney7m,Ardeen,33,200,3995
vkingcott7n,Vinni,29,168,4800
bcopeman7o,Baird,46,211,8482
kferrino7p,Kary,44,155,9158
bpietruszka7q,Berty,39,238,81
zberger7r,Zsazsa,26,237,849
sdomleo7s,Sherman,26,23,1991
jmougenel7t,Juliana,20,176,213
ocrunkhurn7u,Oliviero,49,12,3813
sstretton7v,Sidoney,47,51,946
yperl7w,Yardley,24,98,7450
asheehan7x,Averell,34,94,2976
lcherrett7y,Lem,33,280,1307
rcarabine7z,Reggie,49,164,4070
cshearn80,Cosmo,18,126,7560
shorwell81,Sandro,42,25,5812
rdyneley82,Rowe,33,202,5589
dhunnawill83,Donn,38,68,4522
ddormand84,Dougy,18,203,1929
rbalderston85,Raimundo,26,90,5548
lsaffer86,Lorry,46,194,3063
mmigheli87,Merle,48,192,2368
lcassidy88,Luciano,28,177,7933
glownie89,Gilberto,27,109,9450
emcknockiter8a,Erick,21,63,4545
lduncan8b,Leroy,33,167,4104
lraven8c,Lee,26,37,1866
clempertz8d,Chris,46,159,1398
sgussin8e,Suzanne,22,169,860
achilton8f,Alfie,50,98,2967
tgarn8g,Travis,22,287,8204
okolinsky8h,Orlando,30,251,8345
cfranses8i,Catharina,49,96,8607
bbucher8j,Berthe,23,99,5318
fspaduzza8k,Francene,23,102,5888
gliff8l,Giffie,37,170,7802
mvodden8m,Myron,34,202,8788
ijosephi8n,Iain,48,137,1797
cdansey8o,Carmencita,45,16,2249
kgunny8p,Kata,39,120,5472
edaintith8q,Ellery,25,150,8128
jmunroe8r,Jerrylee,20,110,7290
bsnoad8s,Bonnie,20,93,8523
ghaskett8t,Geri,20,163,7363
ohelkin8u,Orion,29,175,9867
sodo8v,Shena,34,291,5714
pgammie8w,Patrizio,29,131,7834
cdcosta8x,Celestina,32,217,5288
dcoils8y,Darnell,27,146,1436
mspawforth8z,Minda,36,269,8381
dkilleen90,Darice,27,247,7084
mmccraine91,Marybelle,34,129,9443
areadshaw92,Alyosha,27,285,448
oallnutt93,Othelia,40,75,1640
bseldon94,Bruno,41,129,9296
dgehring95,Durant,23,0,7330
mpaulillo96,Morganica,26,99,5690
kmuzzillo97,Kelley,46,78,26
lopie98,Lorry,23,244,5563
djoss99,Deni,35,117,5644
rmacmickan9a,Reilly,27,211,8617
djosefson9b,Dukey,27,191,4014
ibezants9c,Izzy,38,81,5748
ecornbell9d,Estele,29,227,6163
ddaveley9e,Davey,39,102,7714
lbaglin9f,Lucas,38,153,9227
ayarmouth9g,Annabela,20,43,9343
dbudden9h,Dionne,37,112,3108
mfeather9i,Melisandra,37,199,2595
tzannolli9j,Trescha,26,66,540
iedmead9k,Ingeberg,37,269,9221
ctroyes9l,Chilton,40,22,2000
ghowgego9m,Garek,45,296,4015
bwedon9n,Becky,26,281,790
asherrington9o,Amye,41,222,8952
dskeemer9p,Deane,36,99,3560
dfitzsimon9q,Davina,48,18,107
seschalette9r,Shandie,48,177,3917
mgligoraci9s,Meir,47,127,8182
jboagey9t,Jedediah,42,92,2037
dalderton9u,Deanna,46,23,5911
scopping9v,Salim,37,133,5786
mhallum9w,Melita,37,10,4346
dolennachain9x,Darby,44,146,9356
elepere9y,Evelyn,49,202,1810
rbourdon9z,Ram,33,226,4233
jmustina0,Julianna,35,177,1338
ddraiseya1,Doris,31,206,8156
sgorgera2,Shurlock,35,211,9541
chendena3,Caresa,36,170,67
estephena4,Ester,37,61,2037
cbandta5,Cherye,34,172,7177
pmorota6,Pace,37,89,530
rwilmorea7,Rouvin,24,286,7274
dciccettia8,Dave,20,169,4626
acuppleditcha9,Aubert,32,241,8578
ecanhamaa,Eartha,40,78,3004
anelsenab,Adah,24,258,6642
hpfeufferac,Hammad,32,37,4844
acastagnead,Arty,50,149,8176
obatchelderae,Odilia,43,102,7404
vcuthillaf,Vasily,28,79,736
ashervilag,Ailbert,25,152,845
hnouchah,Hillyer,18,234,4426
vdevonshireai,Vonnie,36,221,2494
gcornfieldaj,Glenna,39,273,2455
bblunkettak,Bryn,47,106,8381
cmatiashvilial,Celinda,25,156,2144
bbertelsenam,Blinny,32,231,8772
pfolgeran,Paulita,24,146,9327
vpartenerao,Valaria,37,26,5577
wvaadelandap,Webb,39,267,7570
rlinayaq,Roanna,43,72,8302
ahannaar,Alexandrina,20,95,26
dtrumpas,Duky,25,226,4901
sevillat,Sisely,49,283,972
cklaaassenau,Consuela,42,225,4775
jwoakesav,Josiah,48,44,4088
bcogleaw,Bryce,27,7,6144
mfredyax,Modesty,49,46,9875
cfussellay,Christen,42,175,5211
ghanshaweaz,Gwenette,37,234,4090
tjeffersonb0,Terrie,18,215,805
ddeloozeb1,Denice,35,64,5027
dternb2,Dannie,37,129,1271
nciciurab3,Noellyn,25,279,4501
smolohanb4,Stormie,31,45,4552
kskillandersb5,Koo,25,104,2447
jgallyhaockb6,Janeen,44,207,5198
mokeenanb7,Miller,34,83,595
clambertib8,Cordi,38,63,6717
bghestb9,Betsey,29,164,4451
dummfreyba,Dannel,33,163,3775
cpurvessbb,Carla,48,219,3741
plethleybc,Peirce,22,70,973
asummerellbd,Allin,40,241,3330
brofebe,Bastien,40,110,4908
mbonasbf,Marylee,20,197,6940
nkilleenbg,Nolly,23,295,3145
fmedforthbh,Fitzgerald,32,52,8749
aflurybi,Amity,18,136,1911
agebhardtbj,Ashlie,49,240,8881
cyesbk,Carly,49,290,1406
bmolandbl,Blaine,39,173,2381
aransombm,Ailina,42,179,2916
bclewlowbn,Bill,42,48,6816
gkratesbo,Gannon,42,272,696
amartinabp,Andie,28,105,5263
ksinsonbq,Kerstin,35,99,4620
lparonibr,Lucienne,37,101,6504
bwilcockesbs,Bride,44,150,7278
kladdbt,Kathie,39,292,6262
cjordinbu,Celinda,37,191,2148
asherredbv,Alexis,19,185,4462
nbachshellbw,Norrie,19,126,2314
celloybx,Carmine,26,127,8614
sschulkeby,Sharai,45,147,7565
dlidgelybz,Darelle,25,87,9713
pbanaszczykc0,Patrick,28,114,3862
rjenksc1,Reidar,22,14,8517
ftremblec2,Filmer,35,167,7844
aspraggc3,Ardene,39,222,9950
dhughsonc4,Daffi,43,89,1728
fbreacherc5,Francyne,19,243,7054
bspinolac6,Boonie,25,184,1205
gheselwoodc7,Gaspar,25,75,3748
gandrieuc8,Genny,35,261,5533
dramiroc9,Dorene,37,204,3393
ejessonca,Elita,24,184,9846
jtanzigcb,Juliette,23,38,7498
aniessencc,Abey,32,56,5808
egiacobinicd,Elenore,28,244,2568
fcheaterce,Flint,38,42,3588
epieterscf,Elysia,24,124,4104
ccorfieldcg,Cindee,27,56,126
ashowench,Arden,49,235,5976
gmcnellisci,Gonzalo,23,131,2671
pbinningcj,Peyter,50,101,2120
swebleyck,Sim,20,46,146
ebamseycl,Esther,19,162,1103
bcluelowcm,Blinni,27,175,3469
kfenwickcn,Ken,45,184,4602
lstoreyco,Latisha,41,99,3881
lsilburncp,Lynne,37,104,1990
cburlcq,Cleve,30,83,4212
bbithellcr,Boyd,21,48,3949
gbeilbycs,Gibbie,19,202,9414
mannesliect,Mitch,21,272,7781
wwookeycu,Welbie,41,34,6693
sjowseycv,Saraann,42,142,3368
trussamcw,Trumann,48,244,7305
agodoncx,Arda,23,37,4718
gwylliscy,Garnet,26,154,768
dharmantcz,Duke,37,298,4440
myewdalld0,Mason,18,168,5509
gwhittockd1,Garrett,18,232,6481
ldudhilld2,Lou,46,6,7146
cjoynerd3,Clemmy,37,185,9356
rbragged4,Rad,50,198,6445
ebaked5,Eloise,37,201,983
nwalshed6,Nealy,50,26,4858
mlockhurstd7,Mirella,50,208,5484
pwinleyd8,Percival,20,108,9527
dmobberleyd9,Dedie,25,163,3322
gmartinotda,Gilda,31,221,8483
kgingledb,Kerstin,28,102,3401
mkopdc,Mahmud,19,225,5944
stoulamaindd,Starr,18,217,1814
vmccarrellde,Vivienne,30,80,4002
bmuggachdf,Brod,27,291,3386
fdoucettedg,Francene,31,237,3597
ohuniwalldh,Orrin,22,260,4684
fmcconwaydi,Fredric,21,78,1647
phamblydj,Philly,20,50,5465
omorforthdk,Olivier,40,289,6864
lmewesdl,Lesya,45,46,9311
chesbrookdm,Christye,40,107,5414
tinglisdn,Tarah,48,240,3183
kspinigedo,Krissy,18,284,1715
akuhldp,Archambault,24,11,1024
gbrettondq,Gasper,21,67,7160
uhavelindr,Urbain,30,123,3356
kansteadds,Kylie,47,28,1955
barterdt,Brett,26,290,9252
pheighodu,Peria,35,246,1549
cphillcockdv,Clarisse,34,203,8712
gwapplesdw,Gnni,46,97,2088
aadnettdx,Austine,29,148,1003
dschwaigerdy,Dino,21,2,2162
djovicdz,Darren,43,116,3803
rzuenellie0,Reid,47,286,6082
snelthrope1,Sutherland,48,264,512
aosharkeye2,Angeline,50,187,3051
mdikeline3,Maddy,29,112,640
kweinmanne4,Kalinda,24,133,7657
lakenheade5,Lily,29,119,3023
ypatye6,Yoshiko,38,64,2155
nwogdene7,Nicolas,18,275,7550
iwoodrowe8,Ilyse,27,78,1408
akiliane9,Arin,36,283,6688
kseddonea,Kirsti,44,286,6342
vspinkseb,Veronike,40,275,4855
sfarresec,Shina,50,10,9543
massirattied,Mireille,23,13,2266
tneillansee,Taylor,45,124,5342
eabrahamssonef,Eugenie,27,49,7728
rscutcheoneg,Raynor,47,96,8630
nbrumbleeh,Nady,44,203,6020
jskellonei,Jeffy,24,152,1328
ljuliffej,Livia,41,192,9292
tgreenfieldek,Tobe,42,231,9455
rbartoleynel,Reynold,19,192,8758
ateasellem,Atalanta,27,82,1653
sburnen,Stavro,29,61,1723
lmowleeo,Lynnelle,37,208,8178
pambroseep,Phaedra,35,32,7910
fmerrelleq,Freddi,19,210,4413
kmcgiller,Krissy,48,36,1037
cmarjanskies,Cindra,41,115,7652
skirkhouseet,Sharia,21,72,5829
hrickmaneu,Herculie,19,264,453
msurridgeev,Madeline,34,256,8034
tdringew,Tildie,25,130,7324
vbollomex,Vivie,35,295,7519
obroadfieldey,Orel,36,205,3990
mcarvillez,Myrah,27,170,2333
gsmitheramf0,Gabriellia,33,80,8907
tdoorbarf1,Toma,24,117,7865
abelshawf2,Ashia,18,267,5039
bmanthorpef3,Blinni,23,135,6997
chacaudf4,Cherri,49,219,1488
tsherrockf5,Trish,18,98,9268
bdorricottf6,Bradan,33,271,5715
hgehringerf7,Hymie,28,93,2734
apuddiferf8,Amandi,43,187,1550
rburgynf9,Reece,29,279,785
sonyonfa,Sianna,35,188,7810
ucowoppefb,Uriel,34,40,7804
edykafc,Eveleen,39,220,1919
lartheyfd,Lu,45,202,6338
alightowlersfe,Amalita,30,184,6193
mburrassff,Mireille,28,102,3071
mdanielskyfg,Milo,22,84,1775
bblumfh,Barbey,26,43,409
lnicelyfi,Leif,41,259,573
tchirmfj,Tiena,19,217,7983
klaxsonfk,Karlee,18,95,9820
mballeinefl,Marcelo,23,182,6076
mwilcockesfm,Mariel,22,183,9574
afiggerfn,Alyosha,39,172,6930
itutefo,Isabeau,37,163,6918
nslinnfp,Noemi,49,142,5495
troutledgefq,Todd,41,260,9435
adaenfr,Audrye,35,41,4558
jocannonfs,Jewell,26,217,580
econnollyft,Evered,33,290,6011
rfigguresfu,Raoul,47,164,5172
lbrufordfv,Lazaro,44,0,3067
obraunstonfw,Ollie,38,67,4429
efowdenfx,Erich,43,202,5684
cyakubovfy,Cybill,23,293,4945
celiassonfz,Chiquia,31,117,4685
asicelyg0,Alanah,28,11,6481
ahawesg1,Anya,34,262,703
nrobeirog2,Nicolle,24,172,3468
lkasselg3,Lefty,37,73,6624
rfilipponig4,Rob,43,63,8890
jterng5,Jacenta,28,22,1625
jsarginsong6,John,38,155,1260
hrosebothamg7,Hall,47,292,1148
mferenczg8,Marja,29,71,8870
tewersg9,Ted,25,152,506
mswitzerga,Mord,26,253,8863
brymmergb,Beniamino,28,292,4623
mslobomgc,Mellicent,28,235,1994
mfrettergd,Morlee,48,213,4856
oangierge,Opal,43,253,8124
nmacailinegf,Nevins,25,87,9826
lconvillegg,Lebbie,41,201,9163
gdurdygh,Giffer,25,230,5644
jkobpalgi,Janella,35,164,98
jrudeforthgj,Jackson,45,113,7953
kdreyegk,Kristi,33,224,9780
rjosskovitzgl,Rich,23,25,4225
jvenninggm,Joseito,25,276,465
mshoebothamgn,Mitchell,23,229,5956
ggarnsworthgo,Gusty,25,143,6738
spoolgp,Stevy,30,205,7111
fniesegq,Farrah,18,91,4228
mkeerigr,Mehetabel,45,33,4852
dalfonsettigs,Dominica,34,299,6243
ljervoisgt,Lissa,30,96,3340
ebaddergu,Eberto,27,79,7886
fnocklesgv,Fulton,49,285,893
anickolesgw,Abra,31,176,2215
jhovardgx,Juliette,31,87,8212
bmcclenaghangy,Betteanne,25,177,9558
xdimariagz,Xaviera,23,5,3190
cthrelfallh0,Cirillo,21,119,4903
cwarreth1,Caspar,27,95,9678
fgutteridgeh2,Fabien,45,298,4422
rharkessh3,Rodolfo,25,166,3745
nfusseyh4,Neils,35,221,4246
grimesh5,Glynn,31,73,3913
scosgraveh6,Sergeant,41,44,1756
tfifieldh7,Tristan,43,20,3346
sdoumerch8,Sarine,39,199,6033
lpiattih9,Leoline,18,245,7178
dgossageha,Del,18,266,9097
fstockenhb,Francis,43,207,3687
lcoddhc,Lorianna,25,54,9510
ggerratyhd,Giordano,36,287,3402
ldavioudhe,Lanie,26,253,4121
aspringthorphf,Ardene,19,46,4988
tteresihg,Thorn,46,94,1413
shoundsomhh,Selina,30,211,6732
askateshi,Aurelie,47,299,8676
abrokenbrowhj,Ange,18,172,3665
wmooneyhk,Wood,40,293,2698
lrupertohl,Lotty,22,129,3018
dklichehm,Drona,50,189,3416
hkenlinhn,Hagan,30,131,7274
dravenscraftho,Deana,25,97,7468
estoreshp,Eric,18,190,4996
eduforehq,Emmery,20,288,8772
hjohnceyhr,Hurlee,49,5,7222
btownshendhs,Berthe,46,241,720
lmaddyht,Leena,19,258,2145
ljobernhu,Lizette,49,63,1853
lseedshv,Leonard,18,95,2663
freinischhw,Franciska,39,155,5329
druscoehx,Darryl,25,295,6153
mloweyhy,Mufinella,37,269,1406
jfernandohz,Jules,29,13,9833
amelanaphyi0,Alasdair,22,106,884
tconrarti1,Talyah,48,165,2801
rhambricki2,Rosamund,21,295,409
lhornbucklei3,Lorrie,35,134,1940
ahoolaghani4,Alyda,35,50,1127
jmurthwaitei5,Joellyn,44,101,152
rmaciejaki6,Ricki,39,25,2689
aeglisei7,Allissa,29,299,2028
gmaryotti8,Garrik,32,176,5816
ejagoi9,Eamon,46,125,1615
ccroizieria,Cary,43,12,9758
rcarmelib,Rhett,34,191,9508
kturleic,Katuscha,23,0,8168
vcarbinid,Verena,31,84,2221
pfeaverie,Paton,25,40,2191
etrippickif,Edith,24,15,8394
rblaineig,Roma,19,182,97
bsimacekih,Brewster,19,73,416
achristensenii,Aaron,29,111,8983
nhoyesij,Nealy,36,119,2901
nkurtenik,Nicolina,26,146,578
lbedderil,Laurie,29,178,1866
tdustim,Tremayne,48,126,686
amingaudin,Aguie,36,196,6734
nstovingio,Nancey,35,227,1084
dwhitwamip,Darelle,26,137,8598
mtrappeiq,Maurits,33,196,163
bslimonir,Brandie,29,41,163
sleschelleis,Stephen,29,181,5111
cstrodderit,Che,24,184,714
bshrievesiu,Bill,33,155,3872
lschuleiv,Lezley,24,152,505
cshovelbottomiw,Chen,38,48,6884
lbarnewellix,Lorianna,42,161,5385
swillgooseiy,Slade,37,299,6946
gvodeniz,Gianni,20,106,4816
mrounsefellj0,Maggee,50,12,3064
ipenfoldj1,Ingmar,48,33,2009
sstarkeyj2,Shaun,25,191,2872
bsansonj3,Blancha,27,134,351
kmcentagartj4,Karole,35,279,8478
gilyuninj5,Greg,21,64,3090
ddrennanj6,Dotti,45,132,1987
dgreatexj7,Dolph,20,242,4918
aemptagej8,Almeda,40,67,2842
hheildsj9,Ham,32,296,471
asextoneja,Anitra,29,63,7926
pgalbreathjb,Poppy,39,191,1954
chasnneyjc,Christophorus,39,257,3255
knornaselljd,Kellen,30,174,4978
dalbertije,Doralin,22,286,7476
bosmondjf,Bowie,34,175,6798
taugustusjg,Teodoro,33,244,5038
rewertjh,Rickard,42,158,2369
kkowalikji,Krispin,21,209,2627
felsburyjj,Fulton,30,131,7281
atwittyjk,Albina,21,26,7151
cketchelljl,Cassius,25,71,3877
mmattamjm,Marty,21,88,8981
jalibertijn,Jeanne,30,136,6275
lswansburyjo,Linnie,24,267,680
smartynkajp,Starlin,46,161,6038
fcorbiejq,Falito,44,177,1340
ofaulkenerjr,Otho,45,176,4703
pfinanjs,Paulie,18,13,2613
hwilloughbyjt,Halsey,26,60,585
lbalassaju,Lianna,49,285,3577
pglitherowjv,Pris,49,225,588
lbadseyjw,Liuka,44,19,9415
bbeardsworthjx,Bernhard,29,213,1461
ccampanellijy,Cordula,26,172,951
pplumbridgejz,Pearle,27,29,5555
gfronsekk0,Garv,50,83,1566
fastink1,Fred,36,155,5750
dricharsonk2,Dyan,38,59,5971
lsanperk3,Lisha,18,156,4499
gaeryk4,Grady,28,125,3575
itisork5,Iago,40,228,7761
pcoek6,Pepi,30,294,9317
mcurtoisk7,Megan,46,5,3579
pbaldinottik8,Phillida,39,146,3837
mspeakmank9,May,35,81,1489
eplayhillka,Elbert,30,143,438
rmuscottkb,Reid,45,110,4907
vdeankc,Vonni,24,284,4472
hspoltonkd,Hatti,35,56,4018
spennyke,Suzanne,29,146,7422
kbaynekf,Karlotta,42,243,15
mstobbartkg,Maximilian,48,275,3651
rtrenbeykh,Robinson,40,32,467
tfidelerki,Tedman,47,293,1200
kdanglkj,Ken,21,206,4222
erunnicleskk,Ernaline,29,257,361
ningletonkl,Natala,23,253,2563
fchileskm,Freddie,25,216,4270
challwellkn,Carol,18,52,4862
mgoodbairnko,Muffin,28,110,8708
mdyblekp,Max,34,76,8588
tboatrightkq,Thomasine,37,3,4070
ibeavankr,Irvin,18,105,8550
kmalinks,Karita,50,46,6429
sgarmonskt,Saunders,47,19,6272
jpeevorku,Jeane,45,153,8832
anelthropkv,Ardyth,39,99,5892
jfriselkw,Jaime,18,68,6754
vyappkx,Vidovik,34,111,2470
imcconwayky,Irita,34,241,778
lthatcherkz,Lily,46,239,970
pnoddlel0,Pamella,26,105,9501
kdirrl1,Kerianne,43,236,1325
mlindberghl2,Margarita,18,278,4291
kblakelyl3,Klarika,50,131,8675
mflitcroftl4,Mateo,18,31,5380
zkondratenkol5,Zacharie,29,119,7485
ccroydenl6,Curr,30,141,6472
sbatteyl7,Stephie,46,149,4005
uyakovl8,Uriel,39,88,2236
mprescottl9,Micky,42,91,9757
rleela,Raquela,24,220,145
abucklelb,Alleyn,36,135,3806
gcuradolc,Ginni,21,189,7270
jjanuaryld,Jennifer,32,77,3222
garensonle,Genny,29,77,146
kbrecknalllf,Kelcy,18,58,1222
fswatridgelg,Fayette,31,246,2889
vsenechelllh,Vinni,38,31,9592
cbuckenhamli,Celka,33,32,5824
peliazlj,Philly,31,111,2544
ddevoielslk,Danita,50,130,6775
knevillell,Kylynn,21,168,7494
enaishlm,Eileen,42,179,275
gfroomeln,Genvieve,29,113,3206
kgorvinlo,Kristal,47,146,1963
gnethercliftlp,Gerrard,47,45,3278
pblencoelq,Piggy,19,46,2294
schatteylr,Simona,21,45,6199
bdynels,Burl,22,35,3664
cdibernardolt,Carilyn,24,213,2484
dcordeixlu,Derick,37,51,6239
ccancelierlv,Cristionna,45,255,3660
dszymczyklw,Delora,43,121,7885
fhailwoodlx,Frederich,22,257,7076
kwheatleyly,Karla,48,96,5044
hcaudwelllz,Holden,49,75,1660
cdoddingm0,Charleen,50,282,3351
jbamptonm1,Joline,21,62,1276
lginglem2,Lem,43,286,5945
aplampeynm3,Agneta,29,170,9037
alambornm4,Alanah,50,269,9486
shallowsm5,Shirlene,46,122,1857
gpurvessm6,Gizela,37,20,2980
wwilliamsm7,Wallace,28,54,3599
bbrennekem8,Byrle,45,128,2580
rpavlasekm9,Ruthie,45,229,8090
msellekma,Marga,35,20,5488
kodommb,Kippie,46,67,7979
mvsanellimc,Mirilla,45,68,5155
candryuninmd,Conant,30,27,1092
cramme,Chloette,49,279,2975
mschwiesomf,Mollee,24,247,7451
rvanichevmg,Robina,40,9,8919
adumbaremh,Aura,41,47,3377
gstancliffemi,Guinevere,31,263,2099
iballaymj,Ignacius,48,92,7052
bfranzottomk,Brynn,37,88,3182
spulsterml,Sosanna,48,37,3809
bmerrickmm,Bess,30,251,4479
iwogdenmn,Iolande,22,109,2982
kstrainemo,Kessia,26,204,3634
bbeswellmp,Beilul,36,176,6993
isuetermq,Inigo,25,283,7954
sbramermr,Susannah,18,240,2124
gpurslowms,Gloria,19,159,4725
leykelmt,Lodovico,24,39,9381
tbindenmu,Tedd,19,40,9950
melldredmv,Maximilien,20,234,9715
bspykingsmw,Bernardo,28,77,8025
cwhitloemx,Cynthia,38,127,5141
ctatemy,Chadwick,25,2,482
ncaudreymz,Nanete,43,184,3862
flittrickn0,Francklyn,24,129,7599
dhartfieldn1,Dav,25,260,5143
aarundeln2,Almeda,44,214,2157
ademschken3,Adlai,23,294,1282
aorridgen4,Archibold,31,132,3697
tmilann5,Terrell,22,194,1653
trudgerdn6,Trumaine,41,62,4727
sbassettn7,Silvan,45,141,4673
gspittalln8,Gunner,50,209,1830
aedinburoughn9,Aldridge,24,214,3237
wfeitosana,Wendall,32,54,5086
dcroftsnb,Desi,23,292,9987
tdixceenc,Tristam,19,56,5838
vmervynnd,Violette,19,194,3179
smcgeaneyne,Swen,46,101,3685
rtremontananf,Raff,40,118,6916
tllorenteng,Teddie,24,73,9667
chyndenh,Chastity,43,232,1805
mrogerotni,Magdalen,45,22,2018
kgledernj,Kathie,36,15,3977
mgregsnk,Merle,29,23,5744
ccopemannl,Chaim,18,200,8525
bcornilnm,Bond,25,73,4005
troschernn,Tate,38,175,5799
otemlno,Odelle,25,45,128
amilmorenp,Audrye,30,63,7981
alankesternq,Alida,23,76,1885
lpostgatenr,Leroy,18,47,385
scherrymanns,Seumas,48,291,8424
gquailnt,Grantley,41,177,1315
scapenu,Stillmann,38,251,3771
thannv,Terri,28,53,9216
imatlocknw,Indira,45,281,2496
cogelsbynx,Calla,35,223,8156
kmansonny,Karleen,37,120,1044
ksouthannz,Kennith,33,44,3620
bdryburgho0,Bell,26,299,2060
sridelo1,Sidonnie,31,2,4921
hmingardio2,Hobard,34,5,682
ggeddiso3,Godiva,45,290,6840
imackombo4,Isadora,24,195,8678
wthorringtono5,Willette,40,17,2575
hbuddleso6,Henrietta,30,243,7149
eribeyo7,Emmalee,19,217,6831
hgwilto8,Hamlin,21,55,6756
bbemando9,Beaufort,34,219,9706
atredwelloa,Annie,28,260,4742
imaccrackanob,Isahella,49,102,457
daultoc,Danita,49,279,8886
rluardod,Rosaline,35,54,7321
mbondoe,Manya,48,79,9689
tessonof,Taddeo,28,267,5109
ckearneyog,Chase,40,188,1708
mcordsenoh,Marney,24,254,5115
bmcgebenayoi,Burg,42,248,1633
cvicaryoj,Catlaina,36,300,9193
pdugglebyok,Patrizio,35,258,687
ldursleyol,Leeland,35,215,3750
cpatroniom,Carolin,31,27,8233
mbouzanon,Moss,30,112,3726
akubyszekoo,Agnesse,28,53,8066
fbreawoodop,Ferrel,30,217,852
mbunclarkoq,Marius,27,115,9126
gmililloor,Grady,34,217,8833
kcecios,Kermy,35,5,1779
boflahertyot,Bartie,18,92,3919
tmartinatou,Terri,35,239,6613
igeorgov,Inna,32,262,5255
asugarow,Ashleigh,44,225,7501
scaplisox,Sebastien,23,89,1952
hcoleyshawoy,Hugo,21,199,4499
imeralioz,Issiah,36,264,6247
rteaseyp0,Rockie,46,133,13902799
mthiemep1,Marie-jeanne,44,100,16129964
ekibelp2,Edvard,27,272,15253635
cganderp3,Cordie,26,242,3780543
bburlingamep4,Brenden,27,174,12435570
azutep5,Arlyn,32,162,2813446
kvollerp6,Kerry,48,228,9327533
descottp7,Dallis,24,95,19263284
khalladp8,Kirby,50,49,8038236
emccollp9,Eugene,45,14,18734849
bwildborepa,Bianca,18,126,5535959
fbeveredgepb,Flemming,42,31,6870187
cruppelepc,Cleavland,42,47,4686742
kgudgenpd,Katina,39,178,164670
dealampe,Dana,37,115,16017920
bodonohoepf,Burk,20,155,6400406
nmichinpg,Nance,39,86,5454171
iyarnph,Ingeberg,35,227,19353370
pninnolipi,Pollyanna,37,235,4156638
imiddleditchpj,Iago,50,208,9633117
tbentingpk,Thorvald,19,97,3152776
nkerrpl,Nita,29,183,5922191
mcausierpm,Morey,23,294,15829714
kmunsonpn,Korney,25,72,12721799
adumberrillpo,Ancell,35,60,2124093
ccatenotpp,Cletus,39,65,4757786
etibblespq,Elliot,43,227,16730580
awhannelpr,Avie,40,137,4991170
esullensps,Eberhard,42,113,11248006
pcomerfordpt,Pavel,46,244,19953189
hleemanspu,Hedvig,38,92,10400755
fbestwickpv,Ferdie,24,4,14618076
dpesslerpw,Doroteya,42,258,1107549
glequeuxpx,Garwood,31,218,19164930
nmuttockpy,Nancee,27,125,15473375
lwoodcroftpz,Lavinia,26,11,13140167
qwoolesq0,Quinn,20,112,19867231
bkoresq1,Beck,44,228,14192006
clegatq2,Constantine,29,182,2208223
sreeceq3,Sheridan,25,237,2724210
lmichalq4,Les,28,8,14461365
croggemanq5,Cristina,24,112,15564993
mveschiq6,Mikaela,43,94,17507204
mheggieq7,Marcello,38,89,11963972
gwillbourneq8,Gustavus,30,79,13451116
aablettq9,Arturo,34,284,13944253
lpyburnqa,Lorinda,31,294,14521263
ekachqb,Ellis,32,146,2414860
dmurfinqc,Drucy,25,276,17577338
rswatlandqd,Rolfe,47,134,2287985
cpechtqe,Chicky,24,105,1980691
lsapsfordeqf,Leia,34,79,14852111
lpatzeltqg,Loree,18,122,19427434
magutterqh,Marina,28,206,10277372
ibaylieqi,Isis,46,119,7883261
zdinckeqj,Zachary,47,13,5668829
eweymanqk,Em,24,154,11409735
mfelthamql,Maria,26,165,17621413
bcumberledgeqm,Broddie,33,237,11397755
ncorpesqn,Nike,42,225,539464
bskingleyqo,Bryana,31,35,815158
tcopplestoneqp,Thebault,44,161,7352229
wbluntqq,Wini,35,130,12348713
gbreckwellqr,Giffer,29,34,14211529
swelldrakeqs,Sheila,37,257,14878672
rbradfieldqt,Reese,18,188,9642420
dhughlockqu,Dulsea,41,285,19997101
gdziwiszqv,Gwyn,43,137,13498151
frandalsonqw,Farr,37,228,10477332
djohnkeqx,Delmore,47,174,710095
mtawnqy,Mariann,41,255,2353576
raldredqz,Rowen,43,192,10820899
vselbier0,Vivian,20,33,6389722
rdurdler1,Ronnie,43,235,12489901
foscallanr2,Fred,41,267,4170218
lhaviller3,Leah,23,215,7505606
bhadleer4,Barbe,43,97,12937081
tlowingsr5,Tessi,31,125,13699011
lyerillr6,Luz,18,125,10121888
tcowdreyr7,Tani,29,201,6278032
ddilrewr8,Dov,47,262,13313860
toaker9,Tripp,20,120,13564842
phalwellra,Pollyanna,49,13,19115402
cpedlerrb,Chantalle,43,272,11298809
fvisickrc,Floyd,20,150,11348262
jcahnrd,Julie,18,288,1633948
sdirandre,Suellen,22,166,19934934
nlucrf,Norrie,25,42,17715285
jeveristrg,Jaymee,21,154,10255526
cmccathierh,Carlen,38,13,14224890
dfairbourneri,Dill,22,189,12026855
jbertheletrj,Javier,39,272,5792987
mprettyrk,Murdock,26,159,5800382
hlaybournrl,Hannis,48,125,8697130
ptearerm,Perry,36,125,19807661
asmallrn,Amargo,42,79,1670105
mrobinetro,Malynda,50,8,6914193
hegglerp,Hillary,49,275,3925812
sdavenallrq,Sylvia,35,29,4197540
hreadyrr,Humberto,49,283,19034344
